number,name_zh,group,source_url
1,汉浦塘,自然地理实体地名,https://www.ks.gov.cn/kss/c112598/202411/f07e2e41857040d7a1920a6353aeb24c.shtml
2,皇仓泾,自然地理实体地名,https://www.ks.gov.cn/kss/c112598/202411/f07e2e41857040d7a1920a6353aeb24c.shtml
3,茆沙塘,自然地理实体地名,https://www.ks.gov.cn/kss/c112598/202411/f07e2e41857040d7a1920a6353aeb24c.shtml
4,瓦浦河,自然地理实体地名,https://www.ks.gov.cn/kss/c112598/202411/f07e2e41857040d7a1920a6353aeb24c.shtml
5,新塘河,自然地理实体地名,https://www.ks.gov.cn/kss/c112598/202411/f07e2e41857040d7a1920a6353aeb24c.shtml
6,泗安泾,自然地理实体地名,https://www.ks.gov.cn/kss/c112598/202411/f07e2e41857040d7a1920a6353aeb24c.shtml
7,小澞河,自然地理实体地名,https://www.ks.gov.cn/kss/c112598/202411/f07e2e41857040d7a1920a6353aeb24c.shtml
8,徐公河,自然地理实体地名,https://www.ks.gov.cn/kss/c112598/202411/f07e2e41857040d7a1920a6353aeb24c.shtml
9,大直港,自然地理实体地名,https://www.ks.gov.cn/kss/c112598/202411/f07e2e41857040d7a1920a6353aeb24c.shtml
10,金鸡河,自然地理实体地名,https://www.ks.gov.cn/kss/c112598/202411/f07e2e41857040d7a1920a6353aeb24c.shtml
11,昆北塘,自然地理实体地名,https://www.ks.gov.cn/kss/c112598/202411/f07e2e41857040d7a1920a6353aeb24c.shtml
12,大石浦,自然地理实体地名,https://www.ks.gov.cn/kss/c112598/202411/f07e2e41857040d7a1920a6353aeb24c.shtml
13,陆泥浦,自然地理实体地名,https://www.ks.gov.cn/kss/c112598/202411/f07e2e41857040d7a1920a6353aeb24c.shtml
14,白莲湖,自然地理实体地名,https://www.ks.gov.cn/kss/c112598/202411/f07e2e41857040d7a1920a6353aeb24c.shtml
15,明镜荡,自然地理实体地名,https://www.ks.gov.cn/kss/c112598/202411/f07e2e41857040d7a1920a6353aeb24c.shtml
16,杨氏田湖,自然地理实体地名,https://www.ks.gov.cn/kss/c112598/202411/f07e2e41857040d7a1920a6353aeb24c.shtml
17,鳗鲤湖,自然地理实体地名,https://www.ks.gov.cn/kss/c112598/202411/f07e2e41857040d7a1920a6353aeb24c.shtml
18,巴城湖,自然地理实体地名,https://www.ks.gov.cn/kss/c112598/202411/f07e2e41857040d7a1920a6353aeb24c.shtml
19,南湖,自然地理实体地名,https://www.ks.gov.cn/kss/c112598/202411/f07e2e41857040d7a1920a6353aeb24c.shtml
20,葛墓荡,自然地理实体地名,https://www.ks.gov.cn/kss/c112598/202411/f07e2e41857040d7a1920a6353aeb24c.shtml
21,阮白荡,自然地理实体地名,https://www.ks.gov.cn/kss/c112598/202411/f07e2e41857040d7a1920a6353aeb24c.shtml
22,汪洋湖,自然地理实体地名,https://www.ks.gov.cn/kss/c112598/202411/f07e2e41857040d7a1920a6353aeb24c.shtml
23,抱玉洞,自然地理实体地名,https://www.ks.gov.cn/kss/c112598/202411/f07e2e41857040d7a1920a6353aeb24c.shtml
24,凤凰墩,自然地理实体地名,https://www.ks.gov.cn/kss/c112598/202411/f07e2e41857040d7a1920a6353aeb24c.shtml
25,莲花墩,自然地理实体地名,https://www.ks.gov.cn/kss/c112598/202411/f07e2e41857040d7a1920a6353aeb24c.shtml
26,秦望山,自然地理实体地名,https://www.ks.gov.cn/kss/c112598/202411/f07e2e41857040d7a1920a6353aeb24c.shtml
27,大公村,行政区域及居民点地名,https://www.ks.gov.cn/kss/c112598/202411/f07e2e41857040d7a1920a6353aeb24c.shtml
28,大渔村,行政区域及居民点地名,https://www.ks.gov.cn/kss/c112598/202411/f07e2e41857040d7a1920a6353aeb24c.shtml
29,大众村,行政区域及居民点地名,https://www.ks.gov.cn/kss/c112598/202411/f07e2e41857040d7a1920a6353aeb24c.shtml
30,共青村,行政区域及居民点地名,https://www.ks.gov.cn/kss/c112598/202411/f07e2e41857040d7a1920a6353aeb24c.shtml
31,广福村,行政区域及居民点地名,https://www.ks.gov.cn/kss/c112598/202411/f07e2e41857040d7a1920a6353aeb24c.shtml
32,江浦村,行政区域及居民点地名,https://www.ks.gov.cn/kss/c112598/202411/f07e2e41857040d7a1920a6353aeb24c.shtml
33,景村村,行政区域及居民点地名,https://www.ks.gov.cn/kss/c112598/202411/f07e2e41857040d7a1920a6353aeb24c.shtml
34,陆家泾村,行政区域及居民点地名,https://www.ks.gov.cn/kss/c112598/202411/f07e2e41857040d7a1920a6353aeb24c.shtml
35,马庄村,行政区域及居民点地名,https://www.ks.gov.cn/kss/c112598/202411/f07e2e41857040d7a1920a6353aeb24c.shtml
36,庙灯村,行政区域及居民点地名,https://www.ks.gov.cn/kss/c112598/202411/f07e2e41857040d7a1920a6353aeb24c.shtml
37,南渔村,行政区域及居民点地名,https://www.ks.gov.cn/kss/c112598/202411/f07e2e41857040d7a1920a6353aeb24c.shtml
38,群星村,行政区域及居民点地名,https://www.ks.gov.cn/kss/c112598/202411/f07e2e41857040d7a1920a6353aeb24c.shtml
39,盛庄村,行政区域及居民点地名,https://www.ks.gov.cn/kss/c112598/202411/f07e2e41857040d7a1920a6353aeb24c.shtml
40,唐龙村,行政区域及居民点地名,https://www.ks.gov.cn/kss/c112598/202411/f07e2e41857040d7a1920a6353aeb24c.shtml
41,五联村,行政区域及居民点地名,https://www.ks.gov.cn/kss/c112598/202411/f07e2e41857040d7a1920a6353aeb24c.shtml
42,新江村,行政区域及居民点地名,https://www.ks.gov.cn/kss/c112598/202411/f07e2e41857040d7a1920a6353aeb24c.shtml
43,新乐村,行政区域及居民点地名,https://www.ks.gov.cn/kss/c112598/202411/f07e2e41857040d7a1920a6353aeb24c.shtml
44,新生村,行政区域及居民点地名,https://www.ks.gov.cn/kss/c112598/202411/f07e2e41857040d7a1920a6353aeb24c.shtml
45,燕桥浜村,行政区域及居民点地名,https://www.ks.gov.cn/kss/c112598/202411/f07e2e41857040d7a1920a6353aeb24c.shtml
46,赵厍村,行政区域及居民点地名,https://www.ks.gov.cn/kss/c112598/202411/f07e2e41857040d7a1920a6353aeb24c.shtml
47,同心村,行政区域及居民点地名,https://www.ks.gov.cn/kss/c112598/202411/f07e2e41857040d7a1920a6353aeb24c.shtml
48,东泾村,行政区域及居民点地名,https://www.ks.gov.cn/kss/c112598/202411/f07e2e41857040d7a1920a6353aeb24c.shtml
49,马塘村,行政区域及居民点地名,https://www.ks.gov.cn/kss/c112598/202411/f07e2e41857040d7a1920a6353aeb24c.shtml
50,上岸村,行政区域及居民点地名,https://www.ks.gov.cn/kss/c112598/202411/f07e2e41857040d7a1920a6353aeb24c.shtml
51,小连村,行政区域及居民点地名,https://www.ks.gov.cn/kss/c112598/202411/f07e2e41857040d7a1920a6353aeb24c.shtml
52,安头村,行政区域及居民点地名,https://www.ks.gov.cn/kss/c112598/202411/f07e2e41857040d7a1920a6353aeb24c.shtml
53,大市村,行政区域及居民点地名,https://www.ks.gov.cn/kss/c112598/202411/f07e2e41857040d7a1920a6353aeb24c.shtml
54,林庄村,行政区域及居民点地名,https://www.ks.gov.cn/kss/c112598/202411/f07e2e41857040d7a1920a6353aeb24c.shtml
55,南吉山村,行政区域及居民点地名,https://www.ks.gov.cn/kss/c112598/202411/f07e2e41857040d7a1920a6353aeb24c.shtml
56,南姚村,行政区域及居民点地名,https://www.ks.gov.cn/kss/c112598/202411/f07e2e41857040d7a1920a6353aeb24c.shtml
57,七桥村,行政区域及居民点地名,https://www.ks.gov.cn/kss/c112598/202411/f07e2e41857040d7a1920a6353aeb24c.shtml
58,三家村,行政区域及居民点地名,https://www.ks.gov.cn/kss/c112598/202411/f07e2e41857040d7a1920a6353aeb24c.shtml
59,吴加村,行政区域及居民点地名,https://www.ks.gov.cn/kss/c112598/202411/f07e2e41857040d7a1920a6353aeb24c.shtml
60,新塘村,行政区域及居民点地名,https://www.ks.gov.cn/kss/c112598/202411/f07e2e41857040d7a1920a6353aeb24c.shtml
61,星金村,行政区域及居民点地名,https://www.ks.gov.cn/kss/c112598/202411/f07e2e41857040d7a1920a6353aeb24c.shtml
62,东明村,行政区域及居民点地名,https://www.ks.gov.cn/kss/c112598/202411/f07e2e41857040d7a1920a6353aeb24c.shtml
63,横娄村,行政区域及居民点地名,https://www.ks.gov.cn/kss/c112598/202411/f07e2e41857040d7a1920a6353aeb24c.shtml
64,平庄村,行政区域及居民点地名,https://www.ks.gov.cn/kss/c112598/202411/f07e2e41857040d7a1920a6353aeb24c.shtml
65,市北村,行政区域及居民点地名,https://www.ks.gov.cn/kss/c112598/202411/f07e2e41857040d7a1920a6353aeb24c.shtml
66,新镇村,行政区域及居民点地名,https://www.ks.gov.cn/kss/c112598/202411/f07e2e41857040d7a1920a6353aeb24c.shtml
67,许家村,行政区域及居民点地名,https://www.ks.gov.cn/kss/c112598/202411/f07e2e41857040d7a1920a6353aeb24c.shtml
68,永共村,行政区域及居民点地名,https://www.ks.gov.cn/kss/c112598/202411/f07e2e41857040d7a1920a6353aeb24c.shtml
69,朱家湾村,行政区域及居民点地名,https://www.ks.gov.cn/kss/c112598/202411/f07e2e41857040d7a1920a6353aeb24c.shtml
70,珠泾村,行政区域及居民点地名,https://www.ks.gov.cn/kss/c112598/202411/f07e2e41857040d7a1920a6353aeb24c.shtml
71,陈巷村,行政区域及居民点地名,https://www.ks.gov.cn/kss/c112598/202411/f07e2e41857040d7a1920a6353aeb24c.shtml
72,合丰村,行政区域及居民点地名,https://www.ks.gov.cn/kss/c112598/202411/f07e2e41857040d7a1920a6353aeb24c.shtml
73,新成村,行政区域及居民点地名,https://www.ks.gov.cn/kss/c112598/202411/f07e2e41857040d7a1920a6353aeb24c.shtml
74,邹家角村,行政区域及居民点地名,https://www.ks.gov.cn/kss/c112598/202411/f07e2e41857040d7a1920a6353aeb24c.shtml
75,巴城湖村,行政区域及居民点地名,https://www.ks.gov.cn/kss/c112598/202411/f07e2e41857040d7a1920a6353aeb24c.shtml
76,东岳村,行政区域及居民点地名,https://www.ks.gov.cn/kss/c112598/202411/f07e2e41857040d7a1920a6353aeb24c.shtml
77,方港村,行政区域及居民点地名,https://www.ks.gov.cn/kss/c112598/202411/f07e2e41857040d7a1920a6353aeb24c.shtml
78,凤凰村,行政区域及居民点地名,https://www.ks.gov.cn/kss/c112598/202411/f07e2e41857040d7a1920a6353aeb24c.shtml
79,红杨河村,行政区域及居民点地名,https://www.ks.gov.cn/kss/c112598/202411/f07e2e41857040d7a1920a6353aeb24c.shtml
80,华社村,行政区域及居民点地名,https://www.ks.gov.cn/kss/c112598/202411/f07e2e41857040d7a1920a6353aeb24c.shtml
81,环湖村,行政区域及居民点地名,https://www.ks.gov.cn/kss/c112598/202411/f07e2e41857040d7a1920a6353aeb24c.shtml
82,联民村,行政区域及居民点地名,https://www.ks.gov.cn/kss/c112598/202411/f07e2e41857040d7a1920a6353aeb24c.shtml
83,龙潭湖村,行政区域及居民点地名,https://www.ks.gov.cn/kss/c112598/202411/f07e2e41857040d7a1920a6353aeb24c.shtml
84,马料江村,行政区域及居民点地名,https://www.ks.gov.cn/kss/c112598/202411/f07e2e41857040d7a1920a6353aeb24c.shtml
85,荣亭村,行政区域及居民点地名,https://www.ks.gov.cn/kss/c112598/202411/f07e2e41857040d7a1920a6353aeb24c.shtml
86,武城村,行政区域及居民点地名,https://www.ks.gov.cn/kss/c112598/202411/f07e2e41857040d7a1920a6353aeb24c.shtml
87,西南村,行政区域及居民点地名,https://www.ks.gov.cn/kss/c112598/202411/f07e2e41857040d7a1920a6353aeb24c.shtml
88,夏东村,行政区域及居民点地名,https://www.ks.gov.cn/kss/c112598/202411/f07e2e41857040d7a1920a6353aeb24c.shtml
89,新开河村,行政区域及居民点地名,https://www.ks.gov.cn/kss/c112598/202411/f07e2e41857040d7a1920a6353aeb24c.shtml
90,阳澄湖村,行政区域及居民点地名,https://www.ks.gov.cn/kss/c112598/202411/f07e2e41857040d7a1920a6353aeb24c.shtml
91,正仪村,行政区域及居民点地名,https://www.ks.gov.cn/kss/c112598/202411/f07e2e41857040d7a1920a6353aeb24c.shtml
92,陆家桥村,行政区域及居民点地名,https://www.ks.gov.cn/kss/c112598/202411/f07e2e41857040d7a1920a6353aeb24c.shtml
93,南湾村,行政区域及居民点地名,https://www.ks.gov.cn/kss/c112598/202411/f07e2e41857040d7a1920a6353aeb24c.shtml
94,前进村,行政区域及居民点地名,https://www.ks.gov.cn/kss/c112598/202411/f07e2e41857040d7a1920a6353aeb24c.shtml
95,施家泾村,行政区域及居民点地名,https://www.ks.gov.cn/kss/c112598/202411/f07e2e41857040d7a1920a6353aeb24c.shtml
96,石北村,行政区域及居民点地名,https://www.ks.gov.cn/kss/c112598/202411/f07e2e41857040d7a1920a6353aeb24c.shtml
97,石浦村,行政区域及居民点地名,https://www.ks.gov.cn/kss/c112598/202411/f07e2e41857040d7a1920a6353aeb24c.shtml
98,萧墅村,行政区域及居民点地名,https://www.ks.gov.cn/kss/c112598/202411/f07e2e41857040d7a1920a6353aeb24c.shtml
99,新泾村,行政区域及居民点地名,https://www.ks.gov.cn/kss/c112598/202411/f07e2e41857040d7a1920a6353aeb24c.shtml
100,余项村,行政区域及居民点地名,https://www.ks.gov.cn/kss/c112598/202411/f07e2e41857040d7a1920a6353aeb24c.shtml
101,支浦村,行政区域及居民点地名,https://www.ks.gov.cn/kss/c112598/202411/f07e2e41857040d7a1920a6353aeb24c.shtml
102,中节村,行政区域及居民点地名,https://www.ks.gov.cn/kss/c112598/202411/f07e2e41857040d7a1920a6353aeb24c.shtml
103,红星村,行政区域及居民点地名,https://www.ks.gov.cn/kss/c112598/202411/f07e2e41857040d7a1920a6353aeb24c.shtml
104,金家庄村,行政区域及居民点地名,https://www.ks.gov.cn/kss/c112598/202411/f07e2e41857040d7a1920a6353aeb24c.shtml
105,晟泰村,行政区域及居民点地名,https://www.ks.gov.cn/kss/c112598/202411/f07e2e41857040d7a1920a6353aeb24c.shtml
106,兴复村,行政区域及居民点地名,https://www.ks.gov.cn/kss/c112598/202411/f07e2e41857040d7a1920a6353aeb24c.shtml
107,龙凤村,行政区域及居民点地名,https://www.ks.gov.cn/kss/c112598/202411/f07e2e41857040d7a1920a6353aeb24c.shtml
108,南湖村,行政区域及居民点地名,https://www.ks.gov.cn/kss/c112598/202411/f07e2e41857040d7a1920a6353aeb24c.shtml
109,双庙村,行政区域及居民点地名,https://www.ks.gov.cn/kss/c112598/202411/f07e2e41857040d7a1920a6353aeb24c.shtml
110,云南村,行政区域及居民点地名,https://www.ks.gov.cn/kss/c112598/202411/f07e2e41857040d7a1920a6353aeb24c.shtml
111,北管泾村,行政区域及居民点地名,https://www.ks.gov.cn/kss/c112598/202411/f07e2e41857040d7a1920a6353aeb24c.shtml
112,红霞村,行政区域及居民点地名,https://www.ks.gov.cn/kss/c112598/202411/f07e2e41857040d7a1920a6353aeb24c.shtml
113,计家墩村,行政区域及居民点地名,https://www.ks.gov.cn/kss/c112598/202411/f07e2e41857040d7a1920a6353aeb24c.shtml
114,联湖村,行政区域及居民点地名,https://www.ks.gov.cn/kss/c112598/202411/f07e2e41857040d7a1920a6353aeb24c.shtml
115,陆泾村,行政区域及居民点地名,https://www.ks.gov.cn/kss/c112598/202411/f07e2e41857040d7a1920a6353aeb24c.shtml
116,阮家浜村,行政区域及居民点地名,https://www.ks.gov.cn/kss/c112598/202411/f07e2e41857040d7a1920a6353aeb24c.shtml
117,三联村,行政区域及居民点地名,https://www.ks.gov.cn/kss/c112598/202411/f07e2e41857040d7a1920a6353aeb24c.shtml
118,盛塘村,行政区域及居民点地名,https://www.ks.gov.cn/kss/c112598/202411/f07e2e41857040d7a1920a6353aeb24c.shtml
119,卫星村,行政区域及居民点地名,https://www.ks.gov.cn/kss/c112598/202411/f07e2e41857040d7a1920a6353aeb24c.shtml
120,狭港村,行政区域及居民点地名,https://www.ks.gov.cn/kss/c112598/202411/f07e2e41857040d7a1920a6353aeb24c.shtml
121,袁甸村,行政区域及居民点地名,https://www.ks.gov.cn/kss/c112598/202411/f07e2e41857040d7a1920a6353aeb24c.shtml
122,长云村,行政区域及居民点地名,https://www.ks.gov.cn/kss/c112598/202411/f07e2e41857040d7a1920a6353aeb24c.shtml
123,周家浜村,行政区域及居民点地名,https://www.ks.gov.cn/kss/c112598/202411/f07e2e41857040d7a1920a6353aeb24c.shtml
124,朱浜村,行政区域及居民点地名,https://www.ks.gov.cn/kss/c112598/202411/f07e2e41857040d7a1920a6353aeb24c.shtml
125,红旗社区,行政区域及居民点地名,https://www.ks.gov.cn/kss/c112598/202411/f07e2e41857040d7a1920a6353aeb24c.shtml
126,新乐融城社区,行政区域及居民点地名,https://www.ks.gov.cn/kss/c112598/202411/f07e2e41857040d7a1920a6353aeb24c.shtml
127,蓬莱社区,行政区域及居民点地名,https://www.ks.gov.cn/kss/c112598/202411/f07e2e41857040d7a1920a6353aeb24c.shtml
128,集善社区,行政区域及居民点地名,https://www.ks.gov.cn/kss/c112598/202411/f07e2e41857040d7a1920a6353aeb24c.shtml
129,振苏社区,行政区域及居民点地名,https://www.ks.gov.cn/kss/c112598/202411/f07e2e41857040d7a1920a6353aeb24c.shtml
130,梅心泾社区,行政区域及居民点地名,https://www.ks.gov.cn/kss/c112598/202411/f07e2e41857040d7a1920a6353aeb24c.shtml
131,邹家角社区,行政区域及居民点地名,https://www.ks.gov.cn/kss/c112598/202411/f07e2e41857040d7a1920a6353aeb24c.shtml
132,巴城社区,行政区域及居民点地名,https://www.ks.gov.cn/kss/c112598/202411/f07e2e41857040d7a1920a6353aeb24c.shtml
133,炎武社区,行政区域及居民点地名,https://www.ks.gov.cn/kss/c112598/202411/f07e2e41857040d7a1920a6353aeb24c.shtml
134,淀湖社区,行政区域及居民点地名,https://www.ks.gov.cn/kss/c112598/202411/f07e2e41857040d7a1920a6353aeb24c.shtml
135,淀山湖社区,行政区域及居民点地名,https://www.ks.gov.cn/kss/c112598/202411/f07e2e41857040d7a1920a6353aeb24c.shtml
136,贞丰里社区,行政区域及居民点地名,https://www.ks.gov.cn/kss/c112598/202411/f07e2e41857040d7a1920a6353aeb24c.shtml
137,干家甸社区,行政区域及居民点地名,https://www.ks.gov.cn/kss/c112598/202411/f07e2e41857040d7a1920a6353aeb24c.shtml
138,赵陵,行政区域及居民点地名,https://www.ks.gov.cn/kss/c112598/202411/f07e2e41857040d7a1920a6353aeb24c.shtml
139,姜里,行政区域及居民点地名,https://www.ks.gov.cn/kss/c112598/202411/f07e2e41857040d7a1920a6353aeb24c.shtml
140,郭家湾,行政区域及居民点地名,https://www.ks.gov.cn/kss/c112598/202411/f07e2e41857040d7a1920a6353aeb24c.shtml
141,六如墩,行政区域及居民点地名,https://www.ks.gov.cn/kss/c112598/202411/f07e2e41857040d7a1920a6353aeb24c.shtml
142,渡城,行政区域及居民点地名,https://www.ks.gov.cn/kss/c112598/202411/f07e2e41857040d7a1920a6353aeb24c.shtml
143,三株浜,行政区域及居民点地名,https://www.ks.gov.cn/kss/c112598/202411/f07e2e41857040d7a1920a6353aeb24c.shtml
144,银子浜,行政区域及居民点地名,https://www.ks.gov.cn/kss/c112598/202411/f07e2e41857040d7a1920a6353aeb24c.shtml
145,震川路,道路与桥梁地名,https://www.ks.gov.cn/kss/c112598/202411/f07e2e41857040d7a1920a6353aeb24c.shtml
146,亭林路,道路与桥梁地名,https://www.ks.gov.cn/kss/c112598/202411/f07e2e41857040d7a1920a6353aeb24c.shtml
147,蚬江街,道路与桥梁地名,https://www.ks.gov.cn/kss/c112598/202411/f07e2e41857040d7a1920a6353aeb24c.shtml
148,福洪街,道路与桥梁地名,https://www.ks.gov.cn/kss/c112598/202411/f07e2e41857040d7a1920a6353aeb24c.shtml
149,城隍埭,道路与桥梁地名,https://www.ks.gov.cn/kss/c112598/202411/f07e2e41857040d7a1920a6353aeb24c.shtml
150,菉荇街,道路与桥梁地名,https://www.ks.gov.cn/kss/c112598/202411/f07e2e41857040d7a1920a6353aeb24c.shtml
151,南大街,道路与桥梁地名,https://www.ks.gov.cn/kss/c112598/202411/f07e2e41857040d7a1920a6353aeb24c.shtml
152,三图街,道路与桥梁地名,https://www.ks.gov.cn/kss/c112598/202411/f07e2e41857040d7a1920a6353aeb24c.shtml
153,吴淞江大桥,道路与桥梁地名,https://www.ks.gov.cn/kss/c112598/202411/f07e2e41857040d7a1920a6353aeb24c.shtml
154,半山桥,道路与桥梁地名,https://www.ks.gov.cn/kss/c112598/202411/f07e2e41857040d7a1920a6353aeb24c.shtml
155,罗汉桥,道路与桥梁地名,https://www.ks.gov.cn/kss/c112598/202411/f07e2e41857040d7a1920a6353aeb24c.shtml
156,莼菜桥,道路与桥梁地名,https://www.ks.gov.cn/kss/c112598/202411/f07e2e41857040d7a1920a6353aeb24c.shtml
157,正阳桥,道路与桥梁地名,https://www.ks.gov.cn/kss/c112598/202411/f07e2e41857040d7a1920a6353aeb24c.shtml
158,永清桥,道路与桥梁地名,https://www.ks.gov.cn/kss/c112598/202411/f07e2e41857040d7a1920a6353aeb24c.shtml
159,万寿桥,道路与桥梁地名,https://www.ks.gov.cn/kss/c112598/202411/f07e2e41857040d7a1920a6353aeb24c.shtml
160,永安桥,道路与桥梁地名,https://www.ks.gov.cn/kss/c112598/202411/f07e2e41857040d7a1920a6353aeb24c.shtml
161,奣子大桥,道路与桥梁地名,https://www.ks.gov.cn/kss/c112598/202411/f07e2e41857040d7a1920a6353aeb24c.shtml
162,万安桥,道路与桥梁地名,https://www.ks.gov.cn/kss/c112598/202411/f07e2e41857040d7a1920a6353aeb24c.shtml
163,中巷桥,道路与桥梁地名,https://www.ks.gov.cn/kss/c112598/202411/f07e2e41857040d7a1920a6353aeb24c.shtml
164,阜康桥,道路与桥梁地名,https://www.ks.gov.cn/kss/c112598/202411/f07e2e41857040d7a1920a6353aeb24c.shtml
165,寿安桥,道路与桥梁地名,https://www.ks.gov.cn/kss/c112598/202411/f07e2e41857040d7a1920a6353aeb24c.shtml
166,凝薰桥,道路与桥梁地名,https://www.ks.gov.cn/kss/c112598/202411/f07e2e41857040d7a1920a6353aeb24c.shtml
167,隆兴桥,道路与桥梁地名,https://www.ks.gov.cn/kss/c112598/202411/f07e2e41857040d7a1920a6353aeb24c.shtml
168,周庄大桥,道路与桥梁地名,https://www.ks.gov.cn/kss/c112598/202411/f07e2e41857040d7a1920a6353aeb24c.shtml
169,蚬园桥,道路与桥梁地名,https://www.ks.gov.cn/kss/c112598/202411/f07e2e41857040d7a1920a6353aeb24c.shtml
170,云海桥,道路与桥梁地名,https://www.ks.gov.cn/kss/c112598/202411/f07e2e41857040d7a1920a6353aeb24c.shtml
171,永寿桥,道路与桥梁地名,https://www.ks.gov.cn/kss/c112598/202411/f07e2e41857040d7a1920a6353aeb24c.shtml
172,半茧园,纪念地和旅游景点地名,https://www.ks.gov.cn/kss/c112598/202411/f07e2e41857040d7a1920a6353aeb24c.shtml
173,南湖秋月园,纪念地和旅游景点地名,https://www.ks.gov.cn/kss/c112598/202411/f07e2e41857040d7a1920a6353aeb24c.shtml
174,南湖园,纪念地和旅游景点地名,https://www.ks.gov.cn/kss/c112598/202411/f07e2e41857040d7a1920a6353aeb24c.shtml
175,野鹤亭,纪念地和旅游景点地名,https://www.ks.gov.cn/kss/c112598/202411/f07e2e41857040d7a1920a6353aeb24c.shtml
176,古春风亭,纪念地和旅游景点地名,https://www.ks.gov.cn/kss/c112598/202411/f07e2e41857040d7a1920a6353aeb24c.shtml
177,翠微阁,纪念地和旅游景点地名,https://www.ks.gov.cn/kss/c112598/202411/f07e2e41857040d7a1920a6353aeb24c.shtml
178,保国亭,纪念地和旅游景点地名,https://www.ks.gov.cn/kss/c112598/202411/f07e2e41857040d7a1920a6353aeb24c.shtml
179,方还亭,纪念地和旅游景点地名,https://www.ks.gov.cn/kss/c112598/202411/f07e2e41857040d7a1920a6353aeb24c.shtml
180,大凤湾战斗纪念碑,纪念地和旅游景点地名,https://www.ks.gov.cn/kss/c112598/202411/f07e2e41857040d7a1920a6353aeb24c.shtml
181,云海塔,纪念地和旅游景点地名,https://www.ks.gov.cn/kss/c112598/202411/f07e2e41857040d7a1920a6353aeb24c.shtml
182,东垞遇难同胞纪念碑,纪念地和旅游景点地名,https://www.ks.gov.cn/kss/c112598/202411/f07e2e41857040d7a1920a6353aeb24c.shtml
183,朱墓墩,纪念地和旅游景点地名,https://www.ks.gov.cn/kss/c112598/202411/f07e2e41857040d7a1920a6353aeb24c.shtml
184,张家祠堂,纪念地和旅游景点地名,https://www.ks.gov.cn/kss/c112598/202411/f07e2e41857040d7a1920a6353aeb24c.shtml
185,胡家坟,纪念地和旅游景点地名,https://www.ks.gov.cn/kss/c112598/202411/f07e2e41857040d7a1920a6353aeb24c.shtml
186,周广坟,纪念地和旅游景点地名,https://www.ks.gov.cn/kss/c112598/202411/f07e2e41857040d7a1920a6353aeb24c.shtml
187,周愚墓,纪念地和旅游景点地名,https://www.ks.gov.cn/kss/c112598/202411/f07e2e41857040d7a1920a6353aeb24c.shtml
188,甘宅,纪念地和旅游景点地名,https://www.ks.gov.cn/kss/c112598/202411/f07e2e41857040d7a1920a6353aeb24c.shtml
189,程厅,纪念地和旅游景点地名,https://www.ks.gov.cn/kss/c112598/202411/f07e2e41857040d7a1920a6353aeb24c.shtml
190,徐福纪念馆,纪念地和旅游景点地名,https://www.ks.gov.cn/kss/c112598/202411/f07e2e41857040d7a1920a6353aeb24c.shtml
191,李宅,纪念地和旅游景点地名,https://www.ks.gov.cn/kss/c112598/202411/f07e2e41857040d7a1920a6353aeb24c.shtml
192,锦溪丁宅,纪念地和旅游景点地名,https://www.ks.gov.cn/kss/c112598/202411/f07e2e41857040d7a1920a6353aeb24c.shtml
193,夏宅,纪念地和旅游景点地名,https://www.ks.gov.cn/kss/c112598/202411/f07e2e41857040d7a1920a6353aeb24c.shtml
194,东河村遗址,纪念地和旅游景点地名,https://www.ks.gov.cn/kss/c112598/202411/f07e2e41857040d7a1920a6353aeb24c.shtml
195,五丰面粉厂旧址,纪念地和旅游景点地名,https://www.ks.gov.cn/kss/c112598/202411/f07e2e41857040d7a1920a6353aeb24c.shtml
196,徐公桥乡村改进试验区旧址,纪念地和旅游景点地名,https://www.ks.gov.cn/kss/c112598/202411/f07e2e41857040d7a1920a6353aeb24c.shtml
197,龙滩湖遗址,纪念地和旅游景点地名,https://www.ks.gov.cn/kss/c112598/202411/f07e2e41857040d7a1920a6353aeb24c.shtml
198,黄石桥遗址,纪念地和旅游景点地名,https://www.ks.gov.cn/kss/c112598/202411/f07e2e41857040d7a1920a6353aeb24c.shtml
199,正北遗址,纪念地和旅游景点地名,https://www.ks.gov.cn/kss/c112598/202411/f07e2e41857040d7a1920a6353aeb24c.shtml
200,斜堰闸遗址,纪念地和旅游景点地名,https://www.ks.gov.cn/kss/c112598/202411/f07e2e41857040d7a1920a6353aeb24c.shtml
201,太史淀遗址,纪念地和旅游景点地名,https://www.ks.gov.cn/kss/c112598/202411/f07e2e41857040d7a1920a6353aeb24c.shtml
202,沉湖遗址,纪念地和旅游景点地名,https://www.ks.gov.cn/kss/c112598/202411/f07e2e41857040d7a1920a6353aeb24c.shtml
203,庵息山遗址,纪念地和旅游景点地名,https://www.ks.gov.cn/kss/c112598/202411/f07e2e41857040d7a1920a6353aeb24c.shtml
204,大东古文化遗址,纪念地和旅游景点地名,https://www.ks.gov.cn/kss/c112598/202411/f07e2e41857040d7a1920a6353aeb24c.shtml
205,延祥寺,纪念地和旅游景点地名,https://www.ks.gov.cn/kss/c112598/202411/f07e2e41857040d7a1920a6353aeb24c.shtml
206,尉迟恭庙,纪念地和旅游景点地名,https://www.ks.gov.cn/kss/c112598/202411/f07e2e41857040d7a1920a6353aeb24c.shtml
207,福严禅寺,纪念地和旅游景点地名,https://www.ks.gov.cn/kss/c112598/202411/f07e2e41857040d7a1920a6353aeb24c.shtml
208,寝浦庙,纪念地和旅游景点地名,https://www.ks.gov.cn/kss/c112598/202411/f07e2e41857040d7a1920a6353aeb24c.shtml
209,桃花庵,纪念地和旅游景点地名,https://www.ks.gov.cn/kss/c112598/202411/f07e2e41857040d7a1920a6353aeb24c.shtml
210,万福庵,纪念地和旅游景点地名,https://www.ks.gov.cn/kss/c112598/202411/f07e2e41857040d7a1920a6353aeb24c.shtml
211,武帝庙,纪念地和旅游景点地名,https://www.ks.gov.cn/kss/c112598/202411/f07e2e41857040d7a1920a6353aeb24c.shtml
212,陆氏三贤祠,纪念地和旅游景点地名,https://www.ks.gov.cn/kss/c112598/202411/f07e2e41857040d7a1920a6353aeb24c.shtml
